nama,kategori,harga,stok,foto,status
Stoplamp Lazy Vario 160 cc CBS / ABS fullset PNP,STOPLAMP,400000,10,stoplamp lazy v160.png,tersedia
Stoplamp Slimframe Vario 160 - RGB 210 Mode (FULLSET),STOPLAMP,800000,10,stoplamp slimframe v160.png,tersedia
Projie Biled AES TURBO SE EXPERIENCE V1 PLUS & V2 70 Watt 2.5 Inch,LAMPU,500000,10,lampu billed.png,tersedia
 LAMPU ALIS MOTOR ALL MATIC ,LAMPU,13000,10,lampu alis.png,tersedia
Ecu Aracer Mini XX MGU All New Nmax Aerox Abs Non abs New Series A0,ECU,8000000,5,ecu aracer.png,tersedia
Ecu Aracer ZX25R Limited Edition,ECU,20000000,2,ecu aracer limited edition.png,tersedia
VND Velg Racing New Speed 185x14 & 215x14 - Vario 160 CBS,VELG,2000000,10,velg vnd racing.png,tersedia
VND Velg Racing New Speed 185x14 & 215x14 - Aerox Alpha,VELG,2500000,10,velg vnd racing new.png,tersedia
BLAISE GT0 Headset Helm Bluetooth Motor,INTERCOM BLUETOOTH,200000,10,intercom gt0.png,tersedia
RETOUCH X8 Intercom Bluetooth Helmet,INTERCOM BLUETOOTH,1800000,10,intercom x8 max.png,tersedia
Stoplamp Crystalframe Stylo 160 - RGB 210 Mode (FULLSET),STOPLAMP,910000,10,stoplamp slimframe stylo160.png,tersedia
Stoplamp Crystalframe Scoopy 2020 Up - RGB 210 Mode (FULLSET),STOPLAMP,900000,10,stoplamp slimframe scoopy.png,tersedia
Lampu Plat Nomor Motor Beat Vario Nmax Aerox Matic,LAMPU,13000,10,lampu plat kedip pesawat.png,tersedia
